{
  "cars": [
    {
      "id": "57dfed773dec9b376c9aeaa7",
      "price": "$141,441.94",
      "description": "Incididunt sit enim ut ad ut dolor dolor consequat reprehenderit veniam. Culpa minim voluptate do aliquip nulla duis ad non. Proident laboris irure adipisicing id adipisicing enim consectetur eiusmod. Elit Lorem cupidatat ad nulla ea ex incididunt.\n\nAmet reprehenderit do quis aute officia aliqua incididunt commodo. Mollit anim nisi cupidatat cupidatat aliquip consequat minim anim. Sint cillum commodo consectetur veniam ullamco officia ea quis. Nostrud reprehenderit Lorem aute veniam ad. Minim laborum consectetur magna eiusmod commodo non anim ex excepteur commodo aliqua nisi aliquip. Qui nisi deserunt et commodo ipsum occaecat enim dolore. Labore id in ex et magna nostrud laboris cupidatat mollit ex proident nostrud sint incididunt.\n\nConsectetur laborum commodo excepteur nostrud sunt non Lorem id. Ipsum labore ullamco non dolor proident elit excepteur. Proident labore fugiat aute do sunt est. Ex cupidatat ipsum sint commodo pariatur et fugiat ipsum magna esse aute magna enim quis. Tempor nisi consequat ad nostrud nulla laboris reprehenderit id nostrud. Sit consequat exercitation incididunt dolor consequat proident nulla deserunt consectetur in velit do et nostrud. Laborum ipsum minim ex dolore excepteur.",
      "thumbnail": "http://placehold.it/385x286",
      "main_picture": "http://placehold.it/910x606",
      "name": "Fiat 1967",
      "location": "Movico, Arkansas"
    },
    {
      "id": "57dfed7766f9dd2a06b3b5bb",
      "price": "$296,001.82",
      "description": "Irure non magna cillum et non. Aute Lorem et voluptate id dolor cupidatat pariatur qui magna est elit deserunt aliqua. Sunt culpa mollit qui elit occaecat incididunt qui eiusmod tempor velit do. Mollit veniam laborum culpa aliquip dolor elit non sint cupidatat fugiat labore. Aliquip adipisicing non velit id dolore magna sunt id velit exercitation elit aute.\n\nNisi ex sunt duis tempor qui quis culpa sit sunt. Cupidatat aute adipisicing nostrud culpa aute elit est aliquip. Lorem velit Lorem nisi esse nostrud esse. Pariatur laborum pariatur irure dolor sit. Magna non consequat mollit elit et ex est laboris cupidatat deserunt.\n\nVelit excepteur nulla proident magna reprehenderit nisi elit ea pariatur velit. Aliquip esse laborum cillum deserunt mollit. Ullamco laborum ut esse veniam quis id sit sint occaecat anim. In id elit excepteur aliqua occaecat Lorem id pariatur sunt. Consequat quis anim do ex fugiat ex ullamco ad duis. Reprehenderit ipsum ad officia ad sunt reprehenderit elit et ipsum minim ipsum. Sit qui esse ad proident anim reprehenderit laboris consectetur officia ipsum anim.",
      "thumbnail": "http://placehold.it/385x286",
      "main_picture": "http://placehold.it/910x606",
      "name": "Chevrolet 1986",
      "location": "Cucumber, South Carolina"
    },
    {
      "id": "57dfed77a7973ec148b0a324",
      "price": "$359,248.06",
      "description": "Id est amet ullamco ipsum exercitation dolore do velit sunt officia. Dolor ad dolore aliqua laborum dolor qui amet ex proident Lorem ullamco. Occaecat qui Lorem officia do nostrud aliqua non. Anim irure Lorem proident proident in aliqua sit quis consectetur commodo. Excepteur nisi ut excepteur pariatur eiusmod laboris do aliquip. Dolore ea proident veniam sit aliquip tempor est laborum nulla dolore.\n\nUt veniam fugiat laborum Lorem voluptate. Aliquip magna labore ut excepteur Lorem. Tempor sit laborum sint adipisicing incididunt ut eiusmod adipisicing voluptate ea. In minim do nostrud anim velit fugiat officia amet occaecat dolor. Occaecat laboris eiusmod irure voluptate.\n\nIpsum ipsum pariatur minim ut et. Et dolor id labore culpa voluptate exercitation consequat non exercitation labore. Ex enim enim consequat dolor. Est consectetur sunt veniam duis irure magna ex tempor est pariatur et dolor. Adipisicing sit eu nisi esse sunt consequat dolor sit.",
      "thumbnail": "http://placehold.it/385x286",
      "main_picture": "http://placehold.it/910x606",
      "name": "Chevrolet 2006",
      "location": "Baker, Puerto Rico"
    },
    {
      "id": "57dfed771092bcb6001d2a48",
      "price": "$363,379.96",
      "description": "Id incididunt enim ut exercitation consectetur non in eiusmod laborum nostrud consectetur ut enim. Anim mollit exercitation mollit tempor. Proident elit commodo ut exercitation aliquip non non consequat nulla velit laborum deserunt et. Mollit quis excepteur ipsum cillum Lorem exercitation minim ullamco. Dolor irure excepteur ex ipsum laborum aute et.\n\nAliquip aute Lorem eu irure. Incididunt eu ipsum non magna anim. Sunt id eu consequat do est cupidatat cillum ullamco qui magna. Aute duis nulla sint cupidatat nisi occaecat. Est commodo reprehenderit excepteur ad.\n\nDolor est cupidatat officia esse consectetur eu et in ut adipisicing. Lorem Lorem deserunt incididunt consectetur pariatur officia adipisicing ad. Laborum ea veniam fugiat enim officia Lorem eu id proident. Dolore consequat sint elit do nisi velit cupidatat ex labore minim ullamco. Reprehenderit ad amet cupidatat consectetur officia eu officia est voluptate in tempor do. Et tempor ad eiusmod aute tempor pariatur fugiat nisi laboris adipisicing. Aliqua adipisicing ullamco consectetur sit esse est ad deserunt duis nisi qui eu magna deserunt.",
      "thumbnail": "http://placehold.it/385x286",
      "main_picture": "http://placehold.it/910x606",
      "name": "Porsche 2009",
      "location": "Spelter, Kansas"
    },
    {
      "id": "57dfed776ea14217e6955da8",
      "price": "$172,411.93",
      "description": "Est Lorem pariatur nostrud aute commodo occaecat non amet mollit. Fugiat culpa in mollit officia elit ipsum ullamco occaecat aute amet ipsum id. Ut sint esse qui ipsum tempor reprehenderit labore excepteur aute sunt. Nisi laboris proident labore nulla consectetur voluptate voluptate. Culpa minim est aute proident tempor tempor adipisicing commodo commodo voluptate.\n\nNulla occaecat eu quis amet consequat labore tempor quis elit. Quis ut id consectetur veniam ut fugiat do irure sunt fugiat deserunt est ut. Qui ea mollit culpa duis dolore laboris sit ipsum id tempor anim. Eiusmod irure ipsum officia velit quis culpa velit voluptate non exercitation. Fugiat anim esse quis exercitation exercitation quis ad fugiat ex non anim veniam in sint. Elit nulla Lorem sunt ullamco.\n\nEa cillum nisi id magna incididunt. Aute nulla tempor deserunt adipisicing sunt et ut aute fugiat id nulla elit reprehenderit dolore. Ut cupidatat est nostrud enim veniam excepteur velit excepteur consectetur Lorem. Labore nisi esse occaecat eiusmod qui eu nisi laboris nostrud qui. Exercitation adipisicing adipisicing sit sit ea id enim cupidatat voluptate est excepteur.",
      "thumbnail": "http://placehold.it/385x286",
      "main_picture": "http://placehold.it/910x606",
      "name": "Porsche 2005",
      "location": "Carbonville, Nebraska"
    },
    {
      "id": "57dfed77b8656889033e7cfe",
      "price": "$326,080.27",
      "description": "Incididunt ea ex in cillum non mollit sit ipsum. Velit consequat eiusmod et cillum eiusmod fugiat deserunt reprehenderit ut enim. Ut reprehenderit exercitation cupidatat ipsum eiusmod. Dolore ea exercitation sit ullamco anim sit nulla nostrud aute veniam. Exercitation elit qui laboris exercitation voluptate.\n\nVoluptate deserunt amet occaecat exercitation aliquip deserunt anim. Consequat fugiat culpa irure deserunt ad pariatur voluptate. Deserunt nulla dolor veniam ut. Laboris consectetur minim occaecat labore ipsum. Dolor laborum dolore cillum sint esse nulla ut. Veniam quis ipsum pariatur nisi veniam quis ex et voluptate in. Nulla eiusmod consequat consectetur esse mollit incididunt labore proident laborum reprehenderit nostrud do.\n\nPariatur sint pariatur irure et. Culpa proident ex minim sunt ex ullamco et ullamco. Labore ex aliquip pariatur dolor tempor. Adipisicing incididunt irure non adipisicing sunt voluptate esse. Pariatur sunt ut mollit quis pariatur pariatur dolor sint dolore. Proident nostrud Lorem magna aliquip deserunt qui magna veniam. Incididunt pariatur do deserunt elit esse dolore mollit ut occaecat occaecat laboris reprehenderit amet sint.",
      "thumbnail": "http://placehold.it/385x286",
      "main_picture": "http://placehold.it/910x606",
      "name": "Porsche 2011",
      "location": "Wildwood, Vermont"
    },
    {
      "id": "57dfed77832c248957684dba",
      "price": "$369,616.24",
      "description": "Ullamco cupidatat esse velit laborum in aliquip magna eiusmod. Incididunt adipisicing magna ipsum sunt in occaecat mollit. Proident amet fugiat sint elit in sint eu voluptate. Irure exercitation nulla minim laborum mollit nostrud elit magna fugiat aute mollit anim cupidatat.\n\nNon magna velit deserunt sint officia veniam cupidatat amet sit. Elit ex commodo non excepteur eiusmod. Et laboris in amet aliquip et dolore aute aliqua sint voluptate irure velit. Occaecat qui amet proident exercitation eiusmod. Commodo aliquip laborum sunt id sit magna dolor.\n\nNostrud esse duis id anim ut et fugiat nulla anim irure deserunt aute. Est amet officia duis adipisicing non ipsum officia excepteur nisi mollit minim. Do cillum do nostrud reprehenderit exercitation ipsum tempor veniam reprehenderit exercitation dolore. Minim veniam culpa officia culpa minim cupidatat nostrud occaecat. Voluptate proident deserunt excepteur in et adipisicing veniam laboris dolor nulla sunt excepteur elit irure. Labore proident quis dolor culpa sint Lorem eiusmod enim Lorem anim nisi.",
      "thumbnail": "http://placehold.it/385x286",
      "main_picture": "http://placehold.it/910x606",
      "name": "Chevrolet 1987",
      "location": "Healy, North Dakota"
    },
    {
      "id": "57dfed772512624f943ca97d",
      "price": "$140,270.17",
      "description": "Consectetur id nisi sunt dolore do ex dolor ex laboris sunt excepteur aliqua irure. Cupidatat aute ipsum eiusmod nulla ad nulla mollit exercitation non commodo id sunt et. Magna sint non ipsum dolor tempor proident Lorem.\n\nElit do adipisicing exercitation cillum cillum Lorem non proident eiusmod reprehenderit. Cillum nisi dolore ex anim reprehenderit anim magna anim est sit esse eu. Fugiat cillum velit id amet anim veniam eiusmod dolor incididunt. Laborum laborum ullamco minim exercitation occaecat reprehenderit in deserunt labore et amet amet. Proident excepteur consequat esse velit incididunt laboris ipsum enim occaecat incididunt elit nostrud officia proident. Excepteur duis id in ad est.\n\nAliquip laboris eiusmod ad sint velit ea id incididunt dolore laborum anim ex consectetur elit. Exercitation quis quis incididunt aliqua cupidatat nostrud ullamco labore reprehenderit commodo ex culpa velit. Deserunt proident elit est nostrud id occaecat mollit incididunt irure cupidatat excepteur est cillum officia. Dolore pariatur duis labore duis duis culpa duis pariatur sit et enim occaecat adipisicing.",
      "thumbnail": "http://placehold.it/385x286",
      "main_picture": "http://placehold.it/910x606",
      "name": "Fiat 1966",
      "location": "Oberlin, Florida"
    },
    {
      "id": "57dfed7711ac03bead60280e",
      "price": "$118,717.81",
      "description": "Deserunt minim occaecat aute ea cillum dolor. Ex nisi excepteur quis in sint magna mollit ut nisi. Eiusmod minim commodo qui esse amet irure non laboris cupidatat duis.\n\nEu nostrud consectetur irure elit eu culpa aliquip proident dolore. Ut dolore labore excepteur officia labore laborum duis laboris id commodo do magna amet voluptate. Minim sunt magna consectetur laboris excepteur id veniam ipsum nulla voluptate exercitation in velit. Tempor consectetur labore aliqua sint Lorem elit. Voluptate amet amet anim et nisi ipsum ut enim eiusmod id pariatur proident fugiat exercitation.\n\nEt nulla duis sunt Lorem laboris. Reprehenderit exercitation et Lorem amet dolor. Eu esse nostrud sint minim culpa excepteur. Consequat est nulla mollit dolor cillum dolore tempor exercitation. Laboris aute magna excepteur velit. Consequat labore cupidatat reprehenderit nostrud proident veniam laborum nisi in velit deserunt. Consequat nostrud dolore reprehenderit velit do nisi fugiat laborum ea ipsum mollit nisi proident in.",
      "thumbnail": "http://placehold.it/385x286",
      "main_picture": "http://placehold.it/910x606",
      "name": "Chevrolet 1954",
      "location": "Garberville, Arizona"
    },
    {
      "id": "57dfed77ecc09f3318b0bc2a",
      "price": "$234,979.97",
      "description": "Cillum labore aliqua ut ipsum officia magna nisi do veniam occaecat sint duis sit. Officia elit ad magna minim id mollit eiusmod quis in consectetur ullamco dolor esse reprehenderit. Lorem deserunt elit amet dolore est sint mollit culpa. Nulla magna voluptate deserunt nisi est cillum ex. Eu ipsum consequat occaecat quis aute officia cupidatat deserunt.\n\nLaborum commodo nostrud amet anim sit dolor sint nisi enim duis sint. Ullamco aute tempor fugiat eiusmod labore. Officia adipisicing sit voluptate Lorem fugiat ex anim velit fugiat labore nisi cupidatat labore tempor. Mollit ipsum reprehenderit eiusmod velit sit consectetur qui.\n\nExcepteur amet in fugiat dolor quis ullamco pariatur officia mollit non dolor labore. Aliqua do sunt dolore irure mollit tempor nulla veniam culpa adipisicing occaecat laborum. Laborum incididunt officia labore laboris laborum nostrud velit est. Ea ad dolor laborum aute aliqua veniam exercitation laboris amet proident sunt ex. Qui sit aliqua in deserunt magna laborum.",
      "thumbnail": "http://placehold.it/385x286",
      "main_picture": "http://placehold.it/910x606",
      "name": "Renault 1992",
      "location": "Brenton, Nevada"
    },
    {
      "id": "57dfed77198f4ef632b14bcd",
      "price": "$235,796.23",
      "description": "Quis deserunt id elit qui dolore enim. Fugiat nulla consequat pariatur consequat tempor non proident consequat sunt. Ad quis voluptate aute magna culpa magna quis. Excepteur culpa nulla ea occaecat amet nostrud exercitation et sit. Labore irure amet deserunt id aute tempor nulla.\n\nEu Lorem in quis cillum ut do sunt nisi adipisicing mollit et incididunt. Est deserunt Lorem elit excepteur cupidatat nulla exercitation reprehenderit reprehenderit labore anim. In id dolor quis ea nostrud dolore. Officia fugiat esse deserunt consequat magna minim aliquip occaecat ea ipsum occaecat qui incididunt adipisicing. Occaecat et ipsum anim reprehenderit culpa pariatur amet elit nulla labore magna duis veniam elit.\n\nDo Lorem elit aliquip adipisicing voluptate pariatur do do. Incididunt anim esse sunt enim amet ipsum. Tempor aliqua voluptate proident qui nostrud eu cillum officia incididunt occaecat officia.",
      "thumbnail": "http://placehold.it/385x286",
      "main_picture": "http://placehold.it/910x606",
      "name": "Renault 1981",
      "location": "Biehle, Colorado"
    },
    {
      "id": "57dfed771ba74a7bba01946a",
      "price": "$253,929.10",
      "description": "Minim enim excepteur laborum nisi ipsum. Ea consequat Lorem elit sint id incididunt laboris. Anim ullamco deserunt aliqua nisi ex ipsum consectetur eiusmod in nulla duis nostrud sunt commodo. Do et eu sint deserunt. Qui occaecat mollit aliquip dolore labore aute irure esse sunt. Adipisicing non fugiat consectetur Lorem eiusmod enim est occaecat quis. Est sunt non ullamco aliquip.\n\nEsse reprehenderit nisi aliqua commodo Lorem elit minim ut. Qui qui laborum adipisicing sunt reprehenderit. Ex deserunt reprehenderit elit cupidatat sit. Eu veniam cillum reprehenderit adipisicing anim nulla esse et anim ut laborum. Non consequat sit laborum id ad nisi Lorem. Reprehenderit cillum aliqua eiusmod est pariatur excepteur nostrud aliqua laborum non deserunt.\n\nSunt do nisi et cillum nulla fugiat commodo eu ad elit. Ex laboris occaecat aliquip do eiusmod. Amet dolore irure labore esse proident ea elit. Irure sint culpa ad veniam adipisicing exercitation dolore nostrud. In amet dolor magna do eiusmod non id enim ut.",
      "thumbnail": "http://placehold.it/385x286",
      "main_picture": "http://placehold.it/910x606",
      "name": "BMW 1989",
      "location": "Garnet, District Of Columbia"
    },
    {
      "id": "57dfed773bc748d3200d44e1",
      "price": "$399,437.38",
      "description": "Exercitation velit incididunt excepteur cupidatat irure dolore dolor veniam dolore eiusmod commodo et consectetur. Ipsum amet incididunt culpa esse deserunt laborum officia. Aliquip commodo est amet Lorem. Dolore Lorem veniam cupidatat pariatur magna id cupidatat. Eiusmod irure culpa eiusmod id do nulla enim velit incididunt voluptate qui. Eu magna cillum id nisi fugiat ea reprehenderit dolor minim.\n\nIpsum labore velit sint veniam occaecat deserunt nisi sunt aute incididunt quis. Adipisicing dolore in laboris consequat deserunt minim officia. Exercitation velit officia ullamco minim duis minim elit est amet anim cillum in. Cillum id id consectetur dolor cupidatat labore duis eiusmod non voluptate est reprehenderit Lorem. Ullamco occaecat laborum aute pariatur ipsum excepteur culpa consequat mollit quis aliquip. Minim qui fugiat cillum ad consectetur voluptate anim.\n\nExercitation anim cupidatat sit aute consectetur sit anim amet. Eiusmod aliqua excepteur magna quis dolore sunt aute velit cupidatat eiusmod eu. Consectetur nulla nostrud pariatur id. Pariatur voluptate laborum quis nulla est occaecat anim. Pariatur elit eiusmod sit id culpa aute deserunt ea sint culpa eiusmod.",
      "thumbnail": "http://placehold.it/385x286",
      "main_picture": "http://placehold.it/910x606",
      "name": "Renault 1964",
      "location": "Blende, Indiana"
    },
    {
      "id": "57dfed77d652f257b70c4e36",
      "price": "$327,849.05",
      "description": "Nisi laboris cillum consectetur sint velit ullamco velit nisi deserunt reprehenderit voluptate dolore. Dolore et anim nulla commodo elit anim. Excepteur labore incididunt dolor duis eu dolore occaecat ex incididunt non excepteur. Deserunt duis adipisicing magna pariatur.\n\nMollit ex non ad voluptate pariatur tempor laboris ea cillum proident nisi dolore. Ad nisi aliqua id consectetur sunt non aliquip exercitation ut. Laborum labore cillum elit est ipsum minim anim laboris esse velit duis dolore. Nulla magna id ipsum non dolore culpa consequat minim deserunt quis.\n\nCillum do amet elit adipisicing velit. Duis consequat laborum adipisicing Lorem. Nulla ullamco pariatur Lorem sit cillum aliquip voluptate nisi reprehenderit dolor esse culpa. Non culpa culpa adipisicing laborum ut anim enim elit aliqua nulla aute.",
      "thumbnail": "http://placehold.it/385x286",
      "main_picture": "http://placehold.it/910x606",
      "name": "Lamborghini 1984",
      "location": "Brambleton, Northern Mariana Islands"
    },
    {
      "id": "57dfed77608e4cd0be9dcc6a",
      "price": "$164,993.20",
      "description": "Nulla voluptate ullamco irure consectetur nostrud amet nostrud tempor ut. Laboris elit enim veniam cupidatat fugiat amet nulla commodo dolore id magna ullamco est. Cillum nulla mollit ex eiusmod sint consectetur non. Sint ad dolor aliqua ad voluptate magna et magna. Qui est ex ad amet culpa. Commodo veniam ipsum consequat cupidatat dolore mollit adipisicing consequat duis.\n\nEa consectetur do aliquip incididunt consequat excepteur excepteur laboris. Cillum ex ut labore velit tempor excepteur laboris velit dolor dolore. Culpa irure sint dolore do id nulla voluptate reprehenderit. Consequat reprehenderit cillum quis pariatur anim irure do exercitation esse. Consectetur cupidatat esse aliquip nostrud dolor elit laborum labore duis est.\n\nEsse incididunt voluptate nulla adipisicing officia deserunt mollit nostrud. Aliqua commodo tempor veniam in laboris non commodo. Veniam ipsum nostrud occaecat est in enim anim in veniam. Minim laborum veniam consequat enim aliqua velit voluptate incididunt sit enim. Ut commodo dolor irure deserunt commodo anim dolor culpa irure ullamco nulla. Qui nulla cillum exercitation ullamco duis aliquip eu id.",
      "thumbnail": "http://placehold.it/385x286",
      "main_picture": "http://placehold.it/910x606",
      "name": "Lamborghini 2011",
      "location": "Zarephath, Montana"
    },
    {
      "id": "57dfed77f64dcae0f31652f3",
      "price": "$248,606.41",
      "description": "Ex sit adipisicing ad consectetur proident ullamco qui in labore consectetur proident consectetur ut. Ullamco eu nisi esse aute laboris labore exercitation magna ad. Ullamco laborum ut enim sunt. Fugiat ea sint do non irure ex pariatur fugiat culpa velit fugiat. Laborum cupidatat Lorem consequat adipisicing tempor et id dolore eiusmod fugiat excepteur nulla.\n\nTempor non sit occaecat exercitation nulla elit enim do ullamco minim tempor in amet. Officia fugiat sunt ea Lorem dolor. Ullamco dolore excepteur duis deserunt deserunt fugiat pariatur amet do aliqua amet aute sint. Magna culpa minim ex elit ea veniam quis consectetur incididunt consectetur ex adipisicing irure commodo. Ipsum commodo labore dolore voluptate sunt exercitation reprehenderit.\n\nElit eiusmod non tempor ut. Nisi id voluptate cillum cupidatat ipsum. Reprehenderit cillum nulla ad et magna anim.",
      "thumbnail": "http://placehold.it/385x286",
      "main_picture": "http://placehold.it/910x606",
      "name": "Lamborghini 1978",
      "location": "Brandermill, New Jersey"
    },
    {
      "id": "57dfed772eef60173cf16081",
      "price": "$201,399.47",
      "description": "Deserunt ipsum excepteur cupidatat voluptate in enim aute anim. Aliqua exercitation deserunt laborum eiusmod ut amet do proident cupidatat eu eu labore non eiusmod. Eu eiusmod reprehenderit et laboris laborum voluptate reprehenderit ullamco est in ex ipsum nisi duis. Sunt commodo exercitation laboris anim velit dolore sunt pariatur.\n\nConsectetur esse est excepteur mollit occaecat ut deserunt eiusmod id elit ipsum culpa ea exercitation. Consectetur quis qui veniam aute nulla proident anim aliquip qui mollit laborum laboris eu. Quis aute nisi qui et. In eiusmod reprehenderit dolore laboris officia ut cupidatat do.\n\nEu qui aute ad culpa incididunt reprehenderit ea ad esse cupidatat. Qui anim in nulla duis sint nisi laborum dolore deserunt. Exercitation laboris Lorem aliquip mollit incididunt proident anim ex. Aute tempor magna consectetur quis aute quis eu est anim. Dolore incididunt et commodo laborum sunt officia esse nulla ipsum commodo esse in. Id voluptate eu sunt pariatur cupidatat duis in laboris ea laboris dolor pariatur pariatur officia.",
      "thumbnail": "http://placehold.it/385x286",
      "main_picture": "http://placehold.it/910x606",
      "name": "Chevrolet 1981",
      "location": "Manchester, Rhode Island"
    },
    {
      "id": "57dfed77b6a1dde9f196173b",
      "price": "$265,490.74",
      "description": "Culpa ad minim ullamco anim amet sint duis magna velit. Irure aliqua aliquip occaecat cupidatat cillum magna cupidatat Lorem nostrud nostrud eu velit. Sit elit id aute cillum cillum labore exercitation. Amet et voluptate sunt sunt non laboris in nulla commodo in elit velit.\n\nLorem tempor exercitation incididunt magna ea aute. Duis proident id pariatur commodo consequat velit. Fugiat incididunt eiusmod consectetur labore. Sint amet culpa sit ad amet.\n\nIrure consequat magna labore qui reprehenderit sunt elit consectetur enim et ea elit. Deserunt magna in officia eu ad ullamco nostrud excepteur incididunt ipsum aliqua Lorem. Proident nulla consequat occaecat commodo esse amet nisi cillum. Commodo reprehenderit elit est nulla voluptate sit laborum ea excepteur.",
      "thumbnail": "http://placehold.it/385x286",
      "main_picture": "http://placehold.it/910x606",
      "name": "Chevrolet 1976",
      "location": "Harold, Michigan"
    },
    {
      "id": "57dfed771f25cb8f623bfadb",
      "price": "$335,852.75",
      "description": "Dolor labore aute mollit culpa eiusmod esse dolore proident. Fugiat aute deserunt pariatur irure in Lorem reprehenderit commodo duis. Aliqua consectetur sint magna consequat veniam occaecat aliqua cupidatat. Eu cillum Lorem Lorem veniam ad Lorem amet eiusmod. Sint est fugiat incididunt dolore elit. Quis laborum consectetur qui qui enim anim proident.\n\nTempor eu proident ex fugiat esse occaecat qui. Irure elit nisi excepteur nulla. Ea incididunt duis voluptate nulla culpa deserunt pariatur reprehenderit aute minim dolore nostrud. Nisi occaecat amet ex esse tempor quis elit consectetur. Irure ex minim velit incididunt quis qui culpa est veniam ea do adipisicing. Elit veniam amet anim nisi reprehenderit officia reprehenderit labore culpa eiusmod. Laboris et dolore occaecat excepteur nulla tempor aliquip.\n\nAd Lorem voluptate dolore culpa sunt. Consequat sunt Lorem ipsum pariatur velit fugiat veniam occaecat amet. Et do minim duis sint excepteur tempor ut veniam incididunt. Nostrud dolore labore dolor non aute ex. Irure et dolore duis ea. Magna aliquip culpa eu tempor aliquip.",
      "thumbnail": "http://placehold.it/385x286",
      "main_picture": "http://placehold.it/910x606",
      "name": "BMW 1976",
      "location": "Echo, American Samoa"
    },
    {
      "id": "57dfed7733f60f7179959f53",
      "price": "$282,433.11",
      "description": "Tempor velit dolor voluptate esse dolor quis culpa dolor et amet velit consequat. Ut ea proident id magna. Ut occaecat quis dolore nisi aliquip aliquip dolore non aliqua.\n\nIn dolore ex irure laborum id commodo. Deserunt consectetur mollit ipsum cillum. Sunt ut occaecat non eiusmod nisi nisi mollit elit occaecat. Excepteur enim quis aliquip exercitation pariatur mollit consectetur culpa ipsum ipsum pariatur nulla commodo.\n\nPariatur consequat eiusmod pariatur ullamco voluptate ut ut. Aliquip proident mollit anim sunt in officia. Culpa aute amet fugiat incididunt fugiat in pariatur et laborum consectetur eu id.",
      "thumbnail": "http://placehold.it/385x286",
      "main_picture": "http://placehold.it/910x606",
      "name": "Chevrolet 1952",
      "location": "Waikele, Maine"
    },
    {
      "id": "57dfed776488f0284cb30d21",
      "price": "$130,283.73",
      "description": "Aliquip officia et nostrud sint velit cillum occaecat nostrud anim exercitation. Esse esse ea ea Lorem quis ullamco sunt elit. Sunt dolore irure qui fugiat non id non magna fugiat. Occaecat aliquip sunt commodo deserunt ad irure tempor irure consectetur adipisicing. Sunt cupidatat elit nulla laboris et anim laboris laboris et.\n\nIncididunt ad ullamco cillum quis laboris dolore aliquip ut. Laboris non occaecat labore ea deserunt pariatur culpa. Id qui occaecat sint ipsum occaecat nisi duis eiusmod nisi aute. Officia ipsum exercitation culpa magna commodo sint id tempor aliqua aute Lorem voluptate. Quis ut nulla sint esse pariatur dolor eu sunt excepteur reprehenderit duis incididunt in. Nisi velit in est irure aliqua dolore ipsum nisi aute magna laboris ea ullamco.\n\nEsse sit tempor labore duis ex labore nulla laboris ex. Labore sunt adipisicing pariatur enim occaecat ea non sit tempor eiusmod sunt esse elit nulla. Cillum sit fugiat laboris officia fugiat sint sint culpa id laborum adipisicing. Minim amet elit veniam adipisicing laborum fugiat culpa non cupidatat do ea pariatur duis deserunt. Incididunt proident ex fugiat et. Sit consectetur commodo est nisi esse duis id ex elit Lorem aliquip. Fugiat sit incididunt commodo nisi labore tempor ut ut sit enim laboris.",
      "thumbnail": "http://placehold.it/385x286",
      "main_picture": "http://placehold.it/910x606",
      "name": "Chevrolet 1974",
      "location": "Levant, Alaska"
    },
    {
      "id": "57dfed77e0f017c391a9ba6b",
      "price": "$355,892.00",
      "description": "Amet cillum reprehenderit qui velit ut et non qui adipisicing consequat non cupidatat cillum velit. Incididunt pariatur ut ad minim cupidatat ex irure dolor excepteur sunt. Qui esse ex ad do ullamco irure do officia ex. Excepteur aliqua adipisicing duis veniam. Adipisicing fugiat elit sunt labore sunt dolor sit dolor mollit.\n\nCulpa ad nostrud nisi laborum officia ipsum duis mollit quis. Reprehenderit reprehenderit eiusmod duis mollit velit consequat. Magna non cillum et voluptate cupidatat cupidatat ullamco quis minim exercitation ut incididunt laborum. Cillum proident Lorem qui eu cillum ipsum fugiat qui non proident elit. Dolor labore sunt cupidatat dolor aute proident.\n\nEt sit non mollit culpa pariatur excepteur dolore occaecat proident voluptate eu do reprehenderit fugiat. Eiusmod in eiusmod aliquip incididunt irure enim. Exercitation proident ut consequat exercitation ad aute veniam laborum cupidatat. Ad aliquip non ut ipsum laboris amet ut ex pariatur ex pariatur do.",
      "thumbnail": "http://placehold.it/385x286",
      "main_picture": "http://placehold.it/910x606",
      "name": "Lamborghini 1959",
      "location": "Roberts, Federated States Of Micronesia"
    },
    {
      "id": "57dfed770960040837b07acd",
      "price": "$328,206.20",
      "description": "Eiusmod nulla fugiat sint aliqua consectetur Lorem est nostrud. Amet veniam deserunt mollit proident irure eiusmod sint. Et consequat incididunt sint nulla laborum nulla elit proident consequat dolore.\n\nConsequat pariatur enim labore commodo ullamco incididunt mollit quis minim enim aliquip cupidatat veniam culpa. Ullamco velit tempor minim amet in ea do est cupidatat dolor nostrud. Qui nisi et reprehenderit aliquip exercitation Lorem qui sint aliqua qui cupidatat commodo in mollit. Nisi adipisicing anim ullamco minim dolore dolor laborum occaecat ullamco ipsum cillum.\n\nLabore cillum qui excepteur ea nisi. Esse laborum Lorem sunt esse eu dolor consectetur mollit magna. Eiusmod nulla velit eu cillum duis nisi aute aute irure laboris. Qui anim minim non dolor aliqua ullamco. Sint eiusmod labore proident est dolore consequat laborum amet velit excepteur commodo non et.",
      "thumbnail": "http://placehold.it/385x286",
      "main_picture": "http://placehold.it/910x606",
      "name": "Porsche 1954",
      "location": "Sunnyside, South Dakota"
    },
    {
      "id": "57dfed773f857c61f9a53df8",
      "price": "$135,813.86",
      "description": "Irure sint adipisicing Lorem do voluptate do aute laboris velit reprehenderit fugiat exercitation eu. Nulla et in aute qui proident. Excepteur dolor culpa ullamco in. Id excepteur ea ullamco amet do ut nulla cupidatat officia voluptate sit.\n\nAd aliqua irure laboris deserunt pariatur dolore commodo anim aute cillum sint duis cupidatat aliqua. Sit occaecat cupidatat dolor eu esse dolor. Irure reprehenderit consequat ex nostrud aute ut ut nisi eiusmod cillum excepteur culpa labore officia. Sunt culpa commodo deserunt irure quis ipsum.\n\nIncididunt deserunt occaecat duis amet eiusmod ad sit esse ad sunt minim adipisicing nulla proident. Ea consectetur irure non elit nisi pariatur proident cillum nulla cillum. Fugiat eiusmod labore nostrud aliqua minim minim ea quis ullamco anim excepteur dolor. Tempor dolor laborum aliqua eiusmod sunt eu in sit officia et.",
      "thumbnail": "http://placehold.it/385x286",
      "main_picture": "http://placehold.it/910x606",
      "name": "Porsche 1992",
      "location": "Whitehaven, Delaware"
    },
    {
      "id": "57dfed774ad1071fd906ef9b",
      "price": "$390,963.81",
      "description": "Incididunt velit do magna magna quis ut reprehenderit aute sit anim est consectetur est. Nostrud proident et esse pariatur laborum sint minim est sint in labore ad do nisi. Officia nostrud proident incididunt qui. Incididunt officia cillum et excepteur deserunt ex magna do. Nostrud adipisicing consectetur ullamco eu tempor. Aute nulla pariatur dolore adipisicing aliquip ut ex eu in et voluptate labore officia esse. Mollit cupidatat anim mollit incididunt quis sint ut adipisicing ea aliqua occaecat excepteur aliqua sint.\n\nNostrud ex aliqua sunt reprehenderit fugiat ex veniam sint excepteur voluptate. Ullamco elit enim cillum eiusmod exercitation elit. Enim fugiat et proident qui ad elit sunt consequat amet tempor veniam est veniam ea. Est magna qui mollit incididunt duis. Cillum et proident commodo minim laboris Lorem adipisicing esse ipsum culpa esse nisi aliquip. Sunt dolor ex deserunt ea reprehenderit. Laborum aute anim laborum voluptate esse sint exercitation.\n\nNostrud ad aute dolor magna eiusmod consectetur. Aute eiusmod velit ex Lorem minim nulla ea sit id ut sit. Dolor id commodo officia duis Lorem aliquip quis commodo. Fugiat sit labore anim ullamco occaecat adipisicing. Ipsum incididunt irure ad sit dolor esse elit magna.",
      "thumbnail": "http://placehold.it/385x286",
      "main_picture": "http://placehold.it/910x606",
      "name": "Renault 1980",
      "location": "Shrewsbury, Utah"
    },
    {
      "id": "57dfed77246b81eca132c474",
      "price": "$310,267.14",
      "description": "Mollit velit sint ex consequat consectetur dolore elit voluptate tempor elit eu voluptate. Aliquip ullamco veniam occaecat elit Lorem irure occaecat in tempor excepteur occaecat dolor cupidatat occaecat. Tempor cillum elit proident irure sit irure in ea dolore Lorem. Sint labore in tempor duis adipisicing officia deserunt ullamco est mollit ipsum labore adipisicing enim.\n\nVelit nostrud ullamco Lorem culpa excepteur irure enim reprehenderit eu tempor elit aute et. Proident esse nisi ad ex laborum ad. Occaecat velit quis cillum veniam veniam id est. Commodo quis fugiat ex qui. Voluptate ullamco in esse ullamco do aute adipisicing elit ad laboris sunt incididunt. Magna voluptate ad magna non adipisicing laboris consectetur fugiat deserunt exercitation labore id.\n\nQui et duis nisi labore dolor pariatur dolor exercitation ad mollit proident. Commodo duis nulla non cupidatat cillum voluptate ex. Sunt qui consectetur nisi cupidatat amet cillum. Eiusmod cillum consectetur elit irure nostrud minim est proident nisi ea dolore. Labore magna proident irure sint consequat in. Lorem velit nisi ut enim tempor ipsum occaecat enim ex pariatur consequat. Proident anim mollit et quis minim cillum sunt consectetur excepteur aliqua.",
      "thumbnail": "http://placehold.it/385x286",
      "main_picture": "http://placehold.it/910x606",
      "name": "Renault 1978",
      "location": "Bloomington, Alabama"
    },
    {
      "id": "57dfed77546ebc28755e63ea",
      "price": "$262,454.17",
      "description": "Nostrud sunt deserunt labore nisi do voluptate in. Occaecat duis id voluptate ea enim ut ad. Laborum non nisi velit nulla qui est amet laboris amet.\n\nConsectetur laborum est fugiat ipsum occaecat nulla culpa aliqua ut proident magna ut. Voluptate cupidatat ullamco aute occaecat pariatur ut consectetur ea minim aute incididunt laborum reprehenderit. Esse nostrud veniam occaecat qui consectetur elit tempor proident veniam. Dolore labore exercitation sint proident ut pariatur adipisicing. Excepteur cupidatat reprehenderit amet nostrud qui duis excepteur magna.\n\nFugiat fugiat fugiat deserunt nulla reprehenderit nisi. Aliqua et cupidatat non dolor enim enim cillum voluptate exercitation commodo culpa duis ex. Officia deserunt minim aliquip velit Lorem nisi culpa consequat velit. Et anim nulla tempor laboris est id reprehenderit qui aute sint. Exercitation enim cupidatat occaecat pariatur. Aute nostrud proident excepteur cupidatat fugiat ipsum magna nostrud proident. Pariatur qui et do quis occaecat enim consectetur.",
      "thumbnail": "http://placehold.it/385x286",
      "main_picture": "http://placehold.it/910x606",
      "name": "Fiat 1980",
      "location": "Caron, Pennsylvania"
    },
    {
      "id": "57dfed77fedd51b2fe734862",
      "price": "$125,227.41",
      "description": "Mollit do ullamco do in deserunt pariatur esse consectetur sunt dolore commodo eiusmod laboris. Irure officia ex elit non amet. Deserunt nulla Lorem esse mollit pariatur cupidatat magna labore reprehenderit sint cupidatat nostrud est. Pariatur do veniam sit nisi qui commodo reprehenderit Lorem magna officia aliquip. Duis dolor incididunt mollit est deserunt ut. Consectetur tempor commodo incididunt Lorem ex est enim voluptate amet do nostrud duis.\n\nConsequat id irure ut velit reprehenderit in dolore laboris velit cillum occaecat Lorem. Sint magna do incididunt non adipisicing incididunt ullamco ullamco elit non elit incididunt. Anim officia dolore officia sit et aliqua nulla est enim labore pariatur ipsum sit aliquip. Et amet in sunt non excepteur anim adipisicing laborum sint quis cupidatat. Voluptate duis excepteur velit sit proident eu aliquip excepteur ut labore veniam cupidatat qui. Elit ad et aliqua excepteur anim do anim. Proident ea reprehenderit velit dolor consequat consectetur.\n\nTempor velit ullamco dolor Lorem dolor id ex anim exercitation. Eu minim duis anim id qui in et enim dolore nostrud ipsum occaecat. Proident ipsum quis sunt consectetur aliqua et sit commodo eu nulla amet mollit laboris in. Nostrud culpa elit fugiat commodo id sit ea enim elit adipisicing consequat elit id.",
      "thumbnail": "http://placehold.it/385x286",
      "main_picture": "http://placehold.it/910x606",
      "name": "Chevrolet 2004",
      "location": "Tryon, Wisconsin"
    },
    {
      "id": "57dfed779814e9248e9f0a65",
      "price": "$388,348.26",
      "description": "Adipisicing do sint quis sunt officia tempor reprehenderit commodo eiusmod veniam cupidatat nostrud est laboris. Et deserunt est labore culpa aliqua consequat quis qui. Sint aute est eu cillum sit tempor. Aliquip nulla duis consectetur do enim consequat proident proident ex anim consequat dolor sunt.\n\nEa ex ullamco laborum amet reprehenderit enim do. Magna ex magna quis officia labore id aliqua tempor. Deserunt commodo nulla eu commodo eiusmod consequat eiusmod ad aliquip amet aute. Et tempor nostrud tempor exercitation consequat aliqua.\n\nEa dolor veniam commodo minim amet eu reprehenderit ea velit culpa amet. Laborum ea ut dolor voluptate proident in consectetur qui proident. Reprehenderit sunt enim deserunt cupidatat quis consequat. Nisi nisi fugiat in non voluptate nisi.",
      "thumbnail": "http://placehold.it/385x286",
      "main_picture": "http://placehold.it/910x606",
      "name": "Fiat 1963",
      "location": "Grahamtown, Massachusetts"
    },
    {
      "id": "57dfed77093988f8b1a7f4c4",
      "price": "$126,574.38",
      "description": "Est occaecat fugiat consectetur mollit dolore laboris velit aliquip irure enim aliquip officia. Consectetur minim voluptate do anim proident occaecat ullamco ullamco qui consectetur consequat do fugiat. Exercitation duis do amet Lorem quis voluptate qui sint. Magna ad anim sunt in ut mollit duis dolore. Tempor exercitation consequat in quis reprehenderit nisi fugiat labore nisi non eu nisi excepteur. Occaecat ea excepteur et ullamco ad amet ullamco nisi ad pariatur officia sunt officia in.\n\nDolor cillum et aliquip eu velit do consequat proident id fugiat ullamco consectetur veniam. Ex cupidatat voluptate anim quis ut exercitation veniam esse officia irure magna. Et labore cupidatat veniam proident quis anim cillum enim nulla proident. Reprehenderit cillum deserunt magna minim.\n\nOccaecat proident minim consequat id occaecat elit excepteur anim officia cupidatat commodo ipsum veniam duis. Adipisicing eiusmod aliquip in magna mollit magna eu sint amet deserunt adipisicing duis. Occaecat aute amet laborum exercitation cillum adipisicing. Incididunt magna mollit sunt non ex veniam minim excepteur exercitation excepteur. Duis incididunt exercitation qui minim labore commodo enim sint duis exercitation amet deserunt commodo magna. Consequat ex duis excepteur mollit excepteur deserunt culpa aliqua.",
      "thumbnail": "http://placehold.it/385x286",
      "main_picture": "http://placehold.it/910x606",
      "name": "BMW 1992",
      "location": "Selma, Illinois"
    },
    {
      "id": "57dfed77cfac55a30f0c0a9f",
      "price": "$360,490.88",
      "description": "Exercitation id laborum deserunt labore veniam deserunt Lorem nulla do exercitation veniam do minim. Id labore eiusmod amet aliqua aliqua irure. Ut magna nostrud voluptate velit mollit do anim et pariatur. Occaecat sit elit est qui qui proident adipisicing ea consectetur eu ad ut. Amet velit nulla esse officia sint cupidatat Lorem magna tempor magna aliquip consectetur ipsum minim. Nostrud Lorem exercitation fugiat ea est officia laboris.\n\nNisi ex in nisi dolore non veniam tempor cupidatat. Cillum ut eiusmod est consequat id. Consectetur ipsum fugiat do incididunt dolore nulla. Ex sit proident officia mollit tempor ad voluptate consectetur anim laborum anim mollit. Ipsum non eu officia cillum veniam officia ea anim magna ut. Est nostrud laboris incididunt laboris eiusmod fugiat sunt nostrud veniam dolor aliqua.\n\nCillum officia incididunt dolor exercitation commodo qui ut laboris. Aute minim aliqua laboris consequat cillum Lorem dolore deserunt aute. Enim eiusmod sint laboris adipisicing. Mollit adipisicing adipisicing amet ullamco adipisicing in est. Consequat incididunt aliquip ad veniam fugiat magna mollit cillum non excepteur. Quis nisi ea cupidatat non et eiusmod proident aliquip quis. Culpa sint nostrud cupidatat incididunt anim officia duis adipisicing dolor veniam est veniam et.",
      "thumbnail": "http://placehold.it/385x286",
      "main_picture": "http://placehold.it/910x606",
      "name": "Fiat 1990",
      "location": "Cetronia, New Mexico"
    },
    {
      "id": "57dfed7749ccf1666e2ecb29",
      "price": "$212,402.72",
      "description": "Commodo esse laboris enim sint ut commodo reprehenderit anim fugiat quis irure magna commodo sit. Cillum duis laboris sunt occaecat laboris. Reprehenderit amet duis est irure id est esse enim ut dolore do ut qui ex. Magna cupidatat ullamco excepteur deserunt reprehenderit tempor qui do. Do elit deserunt qui adipisicing deserunt ex voluptate.\n\nDolore et adipisicing quis cillum deserunt officia qui duis nisi. Sunt adipisicing sit nostrud nostrud mollit non ut minim. Id velit non Lorem enim ex commodo adipisicing deserunt nostrud aute. Labore ex nisi minim exercitation. Ipsum commodo dolore laborum deserunt esse proident excepteur mollit velit minim.\n\nLorem dolor irure sunt voluptate sunt dolor deserunt exercitation aute magna sunt deserunt. Incididunt velit esse irure velit et sint ea qui et sunt. Pariatur duis do ea consectetur pariatur. Consequat incididunt ex ullamco ipsum id ipsum do dolor Lorem duis voluptate. Id laborum labore elit nisi deserunt occaecat elit elit magna dolor reprehenderit veniam ipsum.",
      "thumbnail": "http://placehold.it/385x286",
      "main_picture": "http://placehold.it/910x606",
      "name": "Porsche 1979",
      "location": "Rose, Minnesota"
    },
    {
      "id": "57dfed7768af7d9f60c6bbba",
      "price": "$361,878.36",
      "description": "Occaecat cupidatat commodo eiusmod nisi est sit nulla ad culpa ullamco. Ut anim proident eiusmod commodo dolore laborum ad incididunt ullamco deserunt sint laborum laboris voluptate. Culpa nostrud dolor ad elit reprehenderit pariatur.\n\nIn laboris nostrud duis sunt nostrud velit voluptate consectetur dolor non cillum. Irure proident sit voluptate ipsum. Reprehenderit cupidatat est magna sit.\n\nEx Lorem commodo id veniam do aliqua proident commodo enim tempor id aute cillum. Laboris eu pariatur eu elit deserunt officia commodo occaecat aliqua commodo pariatur excepteur est dolor. Voluptate eu aute sit consectetur non aute officia cillum. Eu consequat excepteur duis exercitation laboris anim culpa incididunt. Ex enim voluptate id sit ut dolore.",
      "thumbnail": "http://placehold.it/385x286",
      "main_picture": "http://placehold.it/910x606",
      "name": "Chevrolet 1986",
      "location": "Chaparrito, Iowa"
    },
    {
      "id": "57dfed770288a08a9be4a1ee",
      "price": "$367,766.05",
      "description": "Consequat aliqua reprehenderit duis eu reprehenderit amet deserunt aute aliqua esse. Sunt qui nostrud nulla exercitation magna commodo aliqua reprehenderit consequat excepteur laboris. Veniam anim consequat qui enim nisi elit enim eiusmod deserunt exercitation voluptate nulla. Non amet voluptate consectetur ea veniam non velit laborum laborum sunt reprehenderit. Velit qui ad nulla veniam eiusmod officia ad sit ipsum enim pariatur non velit. Lorem adipisicing commodo mollit ipsum ad adipisicing consectetur.\n\nReprehenderit excepteur ad commodo tempor reprehenderit ullamco sit anim exercitation adipisicing laboris enim. Sit amet Lorem aliquip occaecat proident laboris labore incididunt nulla. Nulla ut magna sunt occaecat excepteur.\n\nDuis cupidatat aute est dolor esse cillum ad excepteur cillum dolor deserunt. Adipisicing minim ea amet adipisicing est velit aute magna adipisicing nulla. Aliqua et labore amet officia aliquip dolore eu duis reprehenderit consequat.",
      "thumbnail": "http://placehold.it/385x286",
      "main_picture": "http://placehold.it/910x606",
      "name": "Chevrolet 1991",
      "location": "Groton, Marshall Islands"
    },
    {
      "id": "57dfed77f34b968960c60ab4",
      "price": "$370,596.03",
      "description": "Consectetur aliquip sint officia ea enim nulla. Magna ea commodo ullamco in. Adipisicing eu culpa duis et esse deserunt. Nisi officia duis irure eu consequat enim. Velit ex nostrud occaecat officia amet quis id eu ex amet. Sint occaecat aliqua fugiat laborum est sint est sit cupidatat enim. Elit excepteur aliqua voluptate ex cupidatat.\n\nCupidatat nisi anim minim aute aliqua anim veniam. Veniam voluptate id deserunt nulla mollit aute consectetur quis commodo laboris magna do ipsum adipisicing. Et aute cillum aute nostrud ex nostrud ea nostrud ullamco. Ullamco ut elit officia eiusmod magna aliqua cupidatat proident incididunt. Elit cupidatat nostrud cillum cupidatat occaecat deserunt. Ex occaecat elit aliquip eu Lorem anim. Ea sit anim aliqua excepteur proident mollit id nulla pariatur tempor pariatur irure.\n\nIrure officia consectetur incididunt officia commodo duis adipisicing laborum sunt excepteur ut aliquip sunt occaecat. Cillum fugiat id dolor ea veniam non. Elit consectetur ea minim eiusmod velit do eu. Duis consequat deserunt cupidatat dolor irure occaecat ex. Minim sunt aliqua labore elit elit. Nostrud consequat officia pariatur adipisicing veniam officia irure sint id consectetur proident irure. Occaecat duis est aute consequat aliqua magna aliqua voluptate eiusmod ullamco velit laborum officia nulla.",
      "thumbnail": "http://placehold.it/385x286",
      "main_picture": "http://placehold.it/910x606",
      "name": "Lamborghini 1974",
      "location": "Neibert, New York"
    },
    {
      "id": "57dfed77a0a0950562231948",
      "price": "$109,176.18",
      "description": "Lorem eiusmod occaecat irure laboris sit consequat pariatur officia. Commodo labore occaecat sint laboris labore do amet duis veniam do magna. Deserunt duis Lorem deserunt est velit deserunt magna cupidatat nulla ad ad. Esse amet sunt incididunt minim esse. Do fugiat ut excepteur ullamco minim. Pariatur elit velit fugiat in ex ipsum culpa ex ad quis. Consequat ut anim fugiat ullamco ad pariatur occaecat in.\n\nEnim non voluptate est duis enim mollit. Id aliquip sunt fugiat nulla adipisicing elit. Ex irure reprehenderit voluptate elit. Deserunt non eiusmod irure anim minim occaecat. Nisi do exercitation do exercitation Lorem ipsum ipsum eu. Consectetur ex nulla tempor Lorem pariatur pariatur sunt aute culpa veniam adipisicing laborum. Incididunt nostrud velit qui commodo nulla qui irure esse qui est ullamco tempor.\n\nDeserunt mollit reprehenderit mollit exercitation incididunt nulla ea. Magna ipsum esse cillum enim aliquip amet irure ea laborum ea. Do proident in enim labore eiusmod. Ad sint velit ea dolor pariatur excepteur dolor qui cillum labore duis ullamco ad dolor. Anim proident anim in cupidatat aute.",
      "thumbnail": "http://placehold.it/385x286",
      "main_picture": "http://placehold.it/910x606",
      "name": "Lamborghini 1987",
      "location": "Morgandale, Texas"
    },
    {
      "id": "57dfed7721274b0e7c467f2b",
      "price": "$230,354.32",
      "description": "Adipisicing irure reprehenderit do qui qui pariatur aliquip Lorem reprehenderit duis pariatur aute aliquip. Officia ad ea in ea id nostrud elit do et labore tempor eu. Laboris aliqua dolore elit ex deserunt dolor velit velit. Culpa ea nisi nisi laboris officia laborum. Fugiat mollit fugiat labore fugiat qui ullamco laboris Lorem. Commodo commodo consequat voluptate ea labore veniam nostrud do aliqua est aliqua tempor esse officia. Veniam velit irure fugiat do aute sint.\n\nAliqua id et consequat enim reprehenderit qui nostrud minim. Culpa laboris ex sint fugiat consectetur non velit veniam. Consectetur culpa duis eu eiusmod proident officia.\n\nMollit fugiat amet deserunt consequat duis deserunt tempor enim minim et aute. Sint eiusmod adipisicing dolor velit occaecat aliqua in ex ad tempor dolor proident. Minim nulla fugiat occaecat cupidatat cillum tempor nisi minim. Esse sunt consectetur sunt veniam adipisicing officia. Duis pariatur deserunt elit voluptate exercitation ex dolore labore et proident Lorem eu mollit do. Elit ipsum dolor nostrud veniam esse occaecat.",
      "thumbnail": "http://placehold.it/385x286",
      "main_picture": "http://placehold.it/910x606",
      "name": "Renault 1972",
      "location": "Bluffview, Louisiana"
    },
    {
      "id": "57dfed77b14272ff3fb9946a",
      "price": "$172,157.52",
      "description": "Occaecat id ea adipisicing ea do cillum anim. Anim cillum amet velit excepteur ut labore. Sunt culpa magna ut nisi est eu ex sint qui mollit ipsum. Aute anim qui do officia amet duis ea laborum et ipsum ex.\n\nEsse ut est qui nostrud irure est reprehenderit. Reprehenderit culpa do labore aliqua officia laboris tempor nostrud laborum reprehenderit irure excepteur ipsum tempor. Lorem laboris est sint consequat. Adipisicing ut ullamco veniam cupidatat Lorem sit anim. Consectetur qui aliquip magna adipisicing. Sint ullamco sit dolore fugiat officia nostrud excepteur cillum ex deserunt.\n\nConsectetur duis minim excepteur enim in adipisicing ea velit nulla nisi laborum mollit laboris aute. Veniam excepteur ad exercitation in laborum laboris duis ad Lorem excepteur et aute ut. Culpa sint dolor sunt ad cillum veniam incididunt magna ullamco in voluptate culpa in adipisicing.",
      "thumbnail": "http://placehold.it/385x286",
      "main_picture": "http://placehold.it/910x606",
      "name": "BMW 2016",
      "location": "Nutrioso, Hawaii"
    },
    {
      "id": "57dfed774151c9eb15629d97",
      "price": "$104,661.64",
      "description": "Officia aliquip aliqua proident dolore ut. Veniam ipsum ex anim id tempor exercitation ullamco sint laboris magna ullamco nostrud eu. Minim cupidatat ullamco consequat sit veniam dolor aliqua dolor amet non. Nostrud esse enim deserunt aute elit laboris eiusmod excepteur pariatur cupidatat consectetur aute aute aliqua. Incididunt labore velit sit ex proident proident eu mollit ea elit tempor. Velit commodo reprehenderit dolore id proident. Irure exercitation amet enim incididunt est nulla velit esse excepteur incididunt aliqua exercitation.\n\nFugiat deserunt irure quis aute nostrud nostrud voluptate reprehenderit labore. Velit consectetur eiusmod culpa amet ut laborum cillum ex dolor consectetur dolore nisi. Excepteur non labore veniam Lorem mollit dolor ut voluptate. Fugiat ut commodo velit veniam irure. Consectetur ex ut duis id id cupidatat. Aliquip cillum aute minim nostrud adipisicing labore dolor consequat. Anim exercitation enim tempor cillum deserunt.\n\nAdipisicing consectetur est laboris in nostrud. Dolor cupidatat Lorem est labore pariatur eiusmod velit in velit nisi amet ex incididunt irure. Cillum nostrud voluptate consectetur non cillum velit elit et.",
      "thumbnail": "http://placehold.it/385x286",
      "main_picture": "http://placehold.it/910x606",
      "name": "Renault 1951",
      "location": "Lorraine, Oklahoma"
    },
    {
      "id": "57dfed77585278217cfb07dc",
      "price": "$212,929.54",
      "description": "Esse quis laboris nisi adipisicing culpa mollit. Dolor aliquip proident deserunt ipsum veniam do commodo aliqua. Labore do cupidatat pariatur id laboris ipsum aliqua sint et ad et sunt. Est proident incididunt esse incididunt pariatur deserunt elit do. Magna cillum excepteur do reprehenderit magna adipisicing excepteur adipisicing.\n\nLaborum pariatur incididunt nostrud ad in qui cillum magna aliquip commodo. Duis commodo enim cillum sit laborum minim sit aliquip do esse Lorem incididunt. Id amet consectetur non ullamco deserunt anim aliquip. Enim id ut pariatur tempor excepteur sint commodo sint id enim. Quis anim culpa cillum ut ipsum adipisicing officia est.\n\nConsequat officia minim deserunt mollit non in. Minim excepteur ea amet do mollit ea laboris sint qui dolore laboris. Nisi reprehenderit cupidatat velit non ad qui non sunt veniam et veniam dolor. Adipisicing ea ullamco ut sit sit ut quis pariatur. Ullamco nostrud deserunt labore dolor proident nisi. Sit proident irure mollit nostrud exercitation. Ullamco reprehenderit incididunt excepteur in ut ipsum qui cillum qui.",
      "thumbnail": "http://placehold.it/385x286",
      "main_picture": "http://placehold.it/910x606",
      "name": "Porsche 1964",
      "location": "Roulette, West Virginia"
    },
    {
      "id": "57dfed7760bde1e9e97e0ad3",
      "price": "$308,136.38",
      "description": "Magna Lorem enim velit commodo. Irure qui duis eu officia consequat non qui fugiat laboris incididunt. Velit velit adipisicing est culpa ut consectetur aliquip fugiat dolor magna. Aliquip ipsum officia nisi fugiat eu est consectetur ullamco deserunt. Non labore enim aliqua ex consequat sunt Lorem ex esse velit sit cupidatat ipsum. Irure consequat labore sunt anim magna.\n\nLaboris mollit reprehenderit nostrud incididunt sint labore ea ullamco anim in dolor. Nulla exercitation nulla tempor cillum sit veniam voluptate velit in nulla est. Ex minim id proident in enim duis amet nisi deserunt. Dolor non aute labore eiusmod proident consequat dolore Lorem irure occaecat voluptate.\n\nIn irure amet sit veniam in qui et. Elit do deserunt esse laboris aliqua sunt. Non magna eu cupidatat enim dolore aliquip eu mollit ad sunt nostrud ea irure.",
      "thumbnail": "http://placehold.it/385x286",
      "main_picture": "http://placehold.it/910x606",
      "name": "Chevrolet 1951",
      "location": "Brownlee, Palau"
    },
    {
      "id": "57dfed77e139a6b2308d7c2e",
      "price": "$392,584.40",
      "description": "Ad excepteur irure et deserunt consectetur sunt aute laboris non magna laborum. In eu incididunt nostrud elit voluptate tempor. Magna quis qui tempor irure. Duis veniam do sunt dolore irure proident dolor est minim dolor cillum. Aute commodo officia esse cillum proident laborum ea do magna adipisicing eiusmod pariatur officia pariatur.\n\nLorem aliquip consectetur tempor elit ipsum ad ut Lorem ex adipisicing irure. Aute proident laborum eiusmod velit aute velit in eiusmod fugiat laborum incididunt. Laboris irure consectetur aute culpa occaecat est ex reprehenderit ipsum nostrud eu exercitation labore. Deserunt eu excepteur sunt veniam commodo in non culpa laboris eu voluptate minim. Mollit Lorem laboris tempor cupidatat commodo sit ex nisi quis irure magna mollit. Nostrud cillum consectetur aliqua sint.\n\nExercitation minim reprehenderit ipsum est pariatur elit est consequat. Reprehenderit irure aliquip culpa aute labore aute laborum. Est consectetur sunt aliquip laborum non.",
      "thumbnail": "http://placehold.it/385x286",
      "main_picture": "http://placehold.it/910x606",
      "name": "BMW 1961",
      "location": "Bison, New Hampshire"
    },
    {
      "id": "57dfed7766e57bd8bc8762bb",
      "price": "$347,355.04",
      "description": "Nulla ea esse non qui quis reprehenderit est duis tempor. Tempor qui non Lorem ipsum id esse exercitation laborum et ullamco irure ut nulla. Irure nostrud esse laboris laborum dolor officia ipsum consectetur laborum eu nostrud. Esse anim nisi eiusmod duis mollit sit nisi eiusmod dolore eiusmod do voluptate do. Deserunt sit eu ex cillum ad.\n\nOfficia sit mollit nulla cillum nulla. Incididunt pariatur quis ad magna exercitation quis ex quis labore aliqua velit. Non ea eu anim tempor proident qui proident et labore consequat veniam elit sint amet. Nisi ad ut qui irure deserunt sit anim anim ad officia anim sint non proident.\n\nUllamco velit in esse magna labore irure consequat. Veniam mollit deserunt elit do cupidatat dolor cupidatat nostrud. Id sit cillum officia magna voluptate cillum est laborum reprehenderit. Duis id sunt sunt sint consequat minim. Deserunt ad elit eiusmod incididunt occaecat.",
      "thumbnail": "http://placehold.it/385x286",
      "main_picture": "http://placehold.it/910x606",
      "name": "Chevrolet 1967",
      "location": "Fairfield, California"
    },
    {
      "id": "57dfed7714c865f31c2c542a",
      "price": "$131,468.81",
      "description": "Velit qui Lorem aliquip amet. Deserunt ex aliqua elit laborum consequat minim veniam dolor quis. Ex voluptate anim reprehenderit fugiat elit nisi dolore nostrud sint fugiat incididunt. Veniam enim ut commodo ea irure quis excepteur sint. Laborum ex sint proident ex. Ullamco anim reprehenderit consequat fugiat id excepteur Lorem consequat mollit officia esse ad. Officia pariatur exercitation elit mollit minim sint pariatur ea voluptate eu ea.\n\nDolor officia do incididunt ea elit laborum. Occaecat duis laborum nostrud Lorem deserunt excepteur eiusmod et officia ea culpa aute. Id velit aute veniam occaecat elit ut. Commodo occaecat mollit eu qui mollit officia dolore non. In nostrud exercitation nostrud ex. Ipsum labore culpa quis veniam quis nisi mollit Lorem officia anim.\n\nAliquip qui adipisicing laborum duis occaecat elit duis ut esse aute. Irure sunt eiusmod ex eu irure incididunt voluptate do cillum. Velit dolor elit ipsum consectetur esse culpa. Pariatur Lorem dolor nulla proident eu in officia. Occaecat nostrud non adipisicing ea aliquip commodo amet duis anim ad excepteur. Ad labore laborum occaecat reprehenderit occaecat elit exercitation occaecat dolore commodo est Lorem cupidatat ad. Eu veniam incididunt duis occaecat Lorem amet deserunt reprehenderit id consequat aliquip do.",
      "thumbnail": "http://placehold.it/385x286",
      "main_picture": "http://placehold.it/910x606",
      "name": "BMW 1998",
      "location": "Loretto, Maryland"
    },
    {
      "id": "57dfed77b1442d6408b6f2c9",
      "price": "$309,105.87",
      "description": "Anim minim esse pariatur sit Lorem adipisicing dolor. Consectetur nulla cillum id dolor non amet. Mollit nulla duis nostrud occaecat ullamco pariatur minim esse labore sunt. Ullamco enim dolor mollit laboris commodo excepteur commodo do dolor culpa aliqua do consequat magna. Id ex aute cillum nostrud fugiat irure eiusmod nulla irure elit.\n\nProident minim fugiat amet voluptate. Ipsum ea cupidatat aliqua ea cupidatat enim commodo adipisicing labore nulla est duis commodo minim. Sunt excepteur quis consequat Lorem aliquip aliquip incididunt. Reprehenderit qui excepteur sunt veniam labore elit excepteur irure laborum non. Et sit commodo excepteur minim laborum qui occaecat duis nisi reprehenderit. Commodo id sunt non duis tempor ut labore tempor dolor irure. Ipsum pariatur laboris quis eu.\n\nNostrud amet sint aliquip occaecat Lorem. Id irure voluptate est eiusmod et aliquip labore officia dolor deserunt pariatur minim amet ad. Ipsum labore officia velit aliquip elit labore aliqua id id voluptate reprehenderit officia. Non reprehenderit culpa dolor ad. Velit sunt in magna nulla mollit nulla do velit.",
      "thumbnail": "http://placehold.it/385x286",
      "main_picture": "http://placehold.it/910x606",
      "name": "Fiat 1950",
      "location": "Yorklyn, Virgin Islands"
    },
    {
      "id": "57dfed77d949e8023fcbe325",
      "price": "$235,124.15",
      "description": "Irure ad cupidatat velit duis quis sunt id officia velit in id minim adipisicing. Commodo reprehenderit velit dolore irure voluptate laborum ea ullamco sint in qui anim sunt duis. Quis sit occaecat consequat nisi cillum non reprehenderit incididunt quis. Et voluptate nisi pariatur aliquip sunt labore aliqua pariatur sint amet commodo duis. Sint nisi culpa commodo commodo proident.\n\nLaboris est aute aliqua dolore amet tempor amet. Commodo labore quis veniam do labore minim mollit qui ut deserunt cupidatat qui et nostrud. Incididunt ullamco non esse nulla consectetur dolor commodo laborum. Laborum proident est tempor exercitation aute enim in ut voluptate esse id eu sint irure. Nulla eiusmod sit ex consectetur ullamco ea cupidatat amet qui veniam laborum tempor.\n\nExcepteur nostrud minim sint excepteur culpa esse velit veniam. Velit aliqua veniam laborum duis consequat irure velit dolore sint magna laborum nulla excepteur eu. Lorem sit deserunt eiusmod do tempor ipsum. Exercitation elit Lorem adipisicing enim amet laboris enim exercitation non tempor enim amet. Tempor laborum velit excepteur labore culpa excepteur labore.",
      "thumbnail": "http://placehold.it/385x286",
      "main_picture": "http://placehold.it/910x606",
      "name": "Porsche 2016",
      "location": "Wikieup, North Carolina"
    },
    {
      "id": "57dfed77785b9d5c7c005c0f",
      "price": "$116,173.75",
      "description": "Officia consequat minim pariatur esse quis do reprehenderit commodo. Officia ex do anim eiusmod sit deserunt deserunt duis officia. Cillum enim magna officia ea do pariatur excepteur. Commodo anim ut irure magna eu dolore non.\n\nLaborum amet cillum anim fugiat nisi cupidatat tempor. Dolore Lorem est nulla id voluptate. Tempor consectetur adipisicing ea velit.\n\nMollit occaecat ex est eu proident ea officia pariatur anim veniam elit. Ex eiusmod fugiat exercitation veniam in esse nulla aute officia tempor culpa. Proident laborum qui consectetur irure ea aliqua dolor esse amet elit pariatur irure. Sunt ea ut labore duis anim amet consectetur est deserunt laboris.",
      "thumbnail": "http://placehold.it/385x286",
      "main_picture": "http://placehold.it/910x606",
      "name": "Porsche 1982",
      "location": "Keller, Georgia"
    },
    {
      "id": "57dfed77ae16fa8e6055103f",
      "price": "$341,729.90",
      "description": "Ea nulla Lorem veniam non dolore adipisicing reprehenderit pariatur veniam. Id elit labore mollit laboris incididunt voluptate culpa aliqua Lorem id excepteur. Quis consectetur non labore aliqua amet minim ullamco deserunt reprehenderit ea aute pariatur. Adipisicing cillum excepteur consequat culpa proident laborum sunt id ad eu minim quis. Cillum deserunt ex laborum irure amet esse ex labore aliquip incididunt consectetur ut. Eiusmod excepteur ipsum mollit consequat eu anim eu laboris cillum nostrud velit mollit dolor. Laboris laborum esse officia laboris cupidatat ea elit laboris eiusmod et.\n\nMagna mollit sit sunt occaecat deserunt. Sint duis minim dolore nisi aliqua qui sit culpa magna qui. Eiusmod exercitation aliquip aliqua officia consectetur esse ad velit occaecat. Et sint mollit ut occaecat occaecat excepteur.\n\nProident aliqua enim anim tempor fugiat sit excepteur. Sint exercitation magna culpa ullamco adipisicing Lorem mollit et adipisicing eiusmod. Ipsum ea labore exercitation excepteur et sunt id ad veniam ea. Adipisicing sunt in laboris veniam adipisicing consequat. Minim amet consequat nulla dolor consequat ad non ullamco. Elit consectetur ullamco adipisicing deserunt dolore pariatur. Officia quis occaecat duis ut occaecat velit in sit et duis aliquip eiusmod exercitation nisi.",
      "thumbnail": "http://placehold.it/385x286",
      "main_picture": "http://placehold.it/910x606",
      "name": "Chevrolet 1974",
      "location": "Balm, Wyoming"
    },
    {
      "id": "57dfed77315ce32d98635b2a",
      "price": "$265,949.62",
      "description": "Lorem veniam velit deserunt duis culpa incididunt. Elit laborum adipisicing laborum dolor. Commodo sit fugiat nostrud eu ullamco id quis exercitation mollit reprehenderit commodo mollit magna consequat.\n\nIrure nisi anim aute irure aliquip do. Officia enim ad quis labore et officia aliquip minim ut. Laborum dolore ut reprehenderit officia sint mollit occaecat occaecat laboris. Fugiat sint deserunt laborum pariatur pariatur. Cupidatat laboris non labore consequat cillum proident anim laboris aliquip.\n\nConsectetur culpa veniam labore eu excepteur do eu ut. Sit id quis Lorem elit duis veniam incididunt quis ullamco in nostrud. In labore nostrud pariatur minim incididunt commodo consequat est laboris adipisicing laboris. Nisi esse aliqua ullamco amet dolor veniam cupidatat irure tempor eiusmod. Excepteur elit exercitation sit commodo velit fugiat.",
      "thumbnail": "http://placehold.it/385x286",
      "main_picture": "http://placehold.it/910x606",
      "name": "BMW 1994",
      "location": "Lodoga, Virginia"
    },
    {
      "id": "57dfed77d039df8274a8e0ca",
      "price": "$162,031.77",
      "description": "Amet pariatur aliquip sit cupidatat. Aliqua quis deserunt proident aliqua ea veniam cupidatat tempor. Et et dolor fugiat ullamco do Lorem. Eiusmod dolor enim quis culpa veniam ipsum culpa sint cupidatat magna nisi anim. Officia aliqua occaecat veniam aute minim ipsum cupidatat laborum mollit est sit irure exercitation ea.\n\nEu nostrud laboris labore deserunt anim commodo incididunt incididunt sit qui laboris occaecat minim. Dolor non voluptate enim non cillum cillum qui adipisicing est excepteur ad proident Lorem. Magna aliqua deserunt consectetur labore eiusmod aute amet cillum culpa ullamco velit occaecat. Amet aliqua dolor ut cillum officia irure cillum.\n\nEst nisi ipsum non irure. Ullamco quis commodo eiusmod ex duis ea culpa labore ad ut excepteur sit occaecat mollit. Nostrud ex elit minim minim. Cillum ad non officia culpa aliqua. Commodo deserunt reprehenderit magna aute ad ullamco proident nostrud et consectetur deserunt nostrud.",
      "thumbnail": "http://placehold.it/385x286",
      "main_picture": "http://placehold.it/910x606",
      "name": "Renault 1967",
      "location": "Harleigh, Guam"
    },
    {
      "id": "57dfed77376668482c20e92f",
      "price": "$275,803.35",
      "description": "Sit duis labore do ad do. Cupidatat ut eu officia amet proident anim cillum esse officia. Occaecat qui sunt amet duis ex nisi adipisicing sint culpa. Aliquip consectetur aute culpa nostrud do fugiat voluptate.\n\nDo minim adipisicing eiusmod magna ut qui pariatur. In deserunt nisi voluptate mollit dolore ad consequat nostrud. Magna non labore aute amet consequat proident ad tempor ad aliquip non adipisicing fugiat exercitation. Veniam dolore eiusmod veniam Lorem. Adipisicing mollit pariatur sint anim quis consequat mollit officia proident dolore eu excepteur tempor dolor. Nulla pariatur nulla ad anim culpa Lorem nulla ipsum voluptate non fugiat dolore ea proident. Laboris in do aute do consequat et eu.\n\nEx amet occaecat in anim culpa consequat laborum. Eiusmod nostrud veniam proident ipsum deserunt do excepteur culpa in duis adipisicing est. In duis qui velit non do do.",
      "thumbnail": "http://placehold.it/385x286",
      "main_picture": "http://placehold.it/910x606",
      "name": "BMW 1985",
      "location": "Ryderwood, Missouri"
    },
    {
      "id": "57dfed77c8451f291621fb80",
      "price": "$152,041.00",
      "description": "Mollit culpa consectetur aute cupidatat enim incididunt. Excepteur proident voluptate magna tempor quis quis laborum Lorem ut non dolor et qui ex. Laborum exercitation ipsum ea irure ad incididunt enim velit aliquip deserunt enim culpa excepteur. Occaecat sit anim dolore Lorem ea ut consequat culpa eu ex irure. Anim qui proident non aute ex est fugiat labore cupidatat id. Adipisicing magna laboris laboris sint officia.\n\nAd aliqua et sit in magna pariatur ullamco consectetur mollit ad reprehenderit aute deserunt. Esse ea ea cillum ad anim officia deserunt voluptate ut nostrud. Velit in enim nostrud sit proident aliquip do consequat irure. Labore duis velit quis minim. Ea proident minim dolore culpa aliqua. Commodo qui voluptate et labore officia aliqua.\n\nEnim proident ipsum et laboris nisi laboris sint exercitation ea ipsum non. Ut occaecat velit cupidatat nostrud. Exercitation quis dolore elit adipisicing irure laboris esse eiusmod. Est enim excepteur ex nostrud voluptate in qui. Sit adipisicing non elit commodo nostrud deserunt officia officia tempor dolore quis ad aliquip laboris. Anim laboris ut laboris ullamco enim ad in pariatur deserunt velit do do ex. Veniam quis ut ullamco pariatur nostrud qui id ea esse amet culpa aute.",
      "thumbnail": "http://placehold.it/385x286",
      "main_picture": "http://placehold.it/910x606",
      "name": "Renault 1990",
      "location": "Fannett, Washington"
    },
    {
      "id": "57dfed7719e40598917eeb21",
      "price": "$312,598.77",
      "description": "Reprehenderit labore exercitation velit eu magna aliquip cupidatat irure dolore. Laboris id nostrud nostrud mollit elit consequat. Consectetur duis do sint do ullamco deserunt cupidatat.\n\nEx exercitation sint pariatur minim aute sit. Cillum labore sint veniam consectetur ad aute consectetur. Est nisi nostrud aliquip ipsum aute ullamco enim nostrud eu ex Lorem. Cillum nulla cupidatat nisi minim sunt dolore aliqua dolor exercitation ea nulla do ullamco.\n\nConsectetur exercitation magna sit velit veniam eu fugiat in laborum do. Esse cillum ea quis mollit id excepteur eiusmod mollit fugiat consequat elit voluptate eu. Culpa deserunt commodo et non elit. Anim in anim in aute minim.",
      "thumbnail": "http://placehold.it/385x286",
      "main_picture": "http://placehold.it/910x606",
      "name": "Renault 1970",
      "location": "Wheaton, Mississippi"
    },
    {
      "id": "57dfed771b21af1b60bfa725",
      "price": "$254,555.09",
      "description": "Culpa in laborum adipisicing adipisicing anim ad aute officia commodo dolore. Eu dolor velit excepteur elit proident voluptate et cupidatat. Eu quis nulla quis aliquip enim exercitation.\n\nReprehenderit aute ipsum cupidatat consequat ad labore ut Lorem. Ea cupidatat aliquip aliquip incididunt culpa nulla aliqua id occaecat proident ut in aliqua. Deserunt sunt elit mollit et. Ut Lorem tempor duis quis cillum ad mollit proident velit esse anim est duis.\n\nLorem voluptate sit pariatur amet laborum id adipisicing magna fugiat laboris quis proident aute voluptate. Incididunt excepteur fugiat eu deserunt anim pariatur ad sunt quis tempor ad cillum eiusmod consectetur. Esse et pariatur non excepteur consequat id nisi eiusmod nostrud adipisicing duis ex nisi. Velit do cupidatat amet incididunt duis est adipisicing eu minim sint.",
      "thumbnail": "http://placehold.it/385x286",
      "main_picture": "http://placehold.it/910x606",
      "name": "Chevrolet 2015",
      "location": "Vowinckel, Idaho"
    },
    {
      "id": "57dfed7743c2689c6680f21f",
      "price": "$228,207.87",
      "description": "Ut do nulla esse sint fugiat laboris occaecat amet ea adipisicing ullamco consequat tempor. Veniam culpa consectetur est consectetur id. Laboris sunt amet ex duis reprehenderit tempor quis sunt adipisicing anim. Ipsum incididunt enim consequat id culpa cupidatat officia consectetur culpa anim.\n\nVeniam aute anim occaecat deserunt cillum esse pariatur. Aliquip ex excepteur ea elit aliquip in. Nisi Lorem labore ut ullamco officia incididunt non. Fugiat dolore est labore sit laborum anim mollit in adipisicing mollit quis in consectetur fugiat.\n\nId aliquip consequat tempor dolor veniam laboris. Commodo magna est do deserunt anim aliquip culpa pariatur ut. Magna amet ad eiusmod voluptate cillum duis sint labore pariatur non non est. Cillum qui proident minim fugiat nulla elit non est laboris labore velit ex nostrud sunt. Reprehenderit et reprehenderit consequat sit laborum.",
      "thumbnail": "http://placehold.it/385x286",
      "main_picture": "http://placehold.it/910x606",
      "name": "Renault 1989",
      "location": "Summerfield, Connecticut"
    },
    {
      "id": "57dfed77ad433bea5de5b1fd",
      "price": "$144,594.75",
      "description": "Cupidatat culpa amet eu cillum. Pariatur veniam aute laborum reprehenderit quis sint incididunt est officia sint esse pariatur. Nulla enim consectetur quis minim excepteur labore. Eiusmod enim proident eiusmod dolore incididunt ut ea laboris est cupidatat excepteur occaecat et enim.\n\nCillum irure veniam amet duis excepteur minim eu. Minim anim deserunt reprehenderit laboris nisi cillum quis dolore nulla. Commodo ullamco anim Lorem cillum quis ex occaecat. Ipsum voluptate duis deserunt est anim nulla sint. Ut pariatur ut sint ad anim esse. Deserunt ullamco enim exercitation aute esse amet aliqua Lorem aliquip.\n\nAd amet ea aliquip pariatur voluptate. Nostrud veniam commodo nulla minim irure reprehenderit enim ad incididunt quis commodo. Tempor id sit pariatur excepteur. Occaecat laborum sunt qui ex.",
      "thumbnail": "http://placehold.it/385x286",
      "main_picture": "http://placehold.it/910x606",
      "name": "Renault 1996",
      "location": "Farmers, Tennessee"
    },
    {
      "id": "57dfed774768846fb2fc60ef",
      "price": "$149,046.19",
      "description": "Proident non officia Lorem est fugiat magna. Qui aliquip reprehenderit fugiat laborum cupidatat enim. Est sunt cupidatat culpa ut nisi irure reprehenderit voluptate nulla consectetur ex minim. Irure nulla nulla minim tempor irure commodo aliquip. Veniam duis nulla nulla mollit consequat adipisicing deserunt et duis.\n\nCulpa minim aliqua qui fugiat ad esse laborum et aliquip commodo fugiat adipisicing. Culpa id et dolore duis voluptate enim cupidatat. Elit nulla qui dolor dolore. Laboris irure anim aliqua Lorem fugiat laboris ipsum pariatur laboris ut aliquip anim labore. Minim nisi aliqua voluptate anim deserunt consequat minim deserunt nisi id ex. Mollit irure laborum reprehenderit officia cupidatat anim Lorem sunt Lorem irure ullamco ut sint officia. Labore duis nulla reprehenderit esse elit deserunt Lorem voluptate exercitation laboris cupidatat.\n\nEt commodo ex ea anim adipisicing labore ex est deserunt. Duis dolore adipisicing mollit consequat esse deserunt eiusmod duis tempor in. Reprehenderit cillum aute consequat anim ex tempor Lorem sunt quis mollit culpa.",
      "thumbnail": "http://placehold.it/385x286",
      "main_picture": "http://placehold.it/910x606",
      "name": "Renault 1959",
      "location": "Nicholson, Kentucky"
    },
    {
      "id": "57dfed7724df5f33c4dbb9da",
      "price": "$354,858.19",
      "description": "Laboris cupidatat culpa eu eiusmod reprehenderit cupidatat ut ex proident fugiat. In dolore deserunt anim esse veniam. Eu reprehenderit ex qui irure reprehenderit laborum ex consequat ad duis qui elit cillum. Sint do Lorem aliqua duis laboris nisi magna aliqua et voluptate dolor nisi est. Id veniam sit amet exercitation enim aliquip nulla cillum esse.\n\nAute laboris commodo labore commodo ullamco occaecat. Duis et eiusmod fugiat nisi consectetur tempor sunt incididunt deserunt dolore mollit officia dolor adipisicing. Quis do cupidatat ad enim dolor ea qui magna pariatur veniam pariatur. Cupidatat enim duis elit magna est laboris sint enim eiusmod irure.\n\nAnim dolor cillum labore aute enim ad. Eu esse dolor id non. Consequat do enim reprehenderit eu quis qui. Ut sit ipsum ullamco deserunt. Pariatur tempor deserunt magna cupidatat quis cupidatat.",
      "thumbnail": "http://placehold.it/385x286",
      "main_picture": "http://placehold.it/910x606",
      "name": "Fiat 2015",
      "location": "Lindcove, Oregon"
    }
  ]
}
